-- --------------------------------------------------------
-- Host:                         127.0.0.1
-- Server version:               10.1.34-MariaDB - mariadb.org binary distribution
-- Server OS:                    Win32
-- HeidiSQL Version:             9.5.0.5284
-- --------------------------------------------------------

/*!40101 SET @OLD_CHARACTER_SET_CLIENT=@@CHARACTER_SET_CLIENT */;
/*!40101 SET NAMES utf8 */;
/*!50503 SET NAMES utf8mb4 */;
/*!40014 SET @OLD_FOREIGN_KEY_CHECKS=@@FOREIGN_KEY_CHECKS, FOREIGN_KEY_CHECKS=0 */;
/*!40101 SET @OLD_SQL_MODE=@@SQL_MODE, SQL_MODE='NO_AUTO_VALUE_ON_ZERO' */;


-- Dumping database structure for big_carpark
CREATE DATABASE IF NOT EXISTS `big_carpark` /*!40100 DEFAULT CHARACTER SET utf8mb4 */;
USE `big_carpark`;

-- Dumping structure for table big_carpark.tbl_account
CREATE TABLE IF NOT EXISTS `tbl_account` (
  `id` int(11) NOT NULL AUTO_INCREMENT,
  `username` varchar(100) NOT NULL,
  `password` varchar(100) NOT NULL,
  `role_id` int(11) NOT NULL DEFAULT '1',
  `account_status` int(11) NOT NULL DEFAULT '1',
  `create_date` timestamp NOT NULL DEFAULT CURRENT_TIMESTAMP,
  PRIMARY KEY (`id`),
  KEY `username` (`username`),
  KEY `username_password` (`username`,`password`),
  KEY `account_status` (`account_status`)
) ENGINE=InnoDB AUTO_INCREMENT=9 DEFAULT CHARSET=utf8mb4;

-- Dumping data for table big_carpark.tbl_account: ~2 rows (approximately)
/*!40000 ALTER TABLE `tbl_account` DISABLE KEYS */;
INSERT INTO `tbl_account` (`id`, `username`, `password`, `role_id`, `account_status`, `create_date`) VALUES
	(1, 'admin', 'a45958517604f5cd90d6ee51ad9cfdb6', 1, 1, '2018-08-21 22:42:18'),
	(2, 'user', 'a45958517604f5cd90d6ee51ad9cfdb6', 1, 0, '2018-08-29 21:05:20'),
	(3, 'tommy', 'a45958517604f5cd90d6ee51ad9cfdb6', 1, 1, '2018-09-03 01:15:18'),
	(4, 'staff01', 'a45958517604f5cd90d6ee51ad9cfdb6', 1, 1, '2018-09-03 01:17:59'),
	(5, 'tommy02', 'a45958517604f5cd90d6ee51ad9cfdb6', 2, 1, '2018-09-03 03:12:52'),
	(6, 'tt', 'accc9105df5383111407fd5b41255e23', 2, 1, '2018-09-03 03:14:46'),
	(7, 'ttt', 'accc9105df5383111407fd5b41255e23', 2, 1, '2018-09-03 03:16:35'),
	(8, 'tttt', 'accc9105df5383111407fd5b41255e23', 1, 1, '2018-09-03 03:16:43');
/*!40000 ALTER TABLE `tbl_account` ENABLE KEYS */;

-- Dumping structure for table big_carpark.tbl_cartype
CREATE TABLE IF NOT EXISTS `tbl_cartype` (
  `cartype_id` int(11) NOT NULL AUTO_INCREMENT,
  `cartype_name` varchar(200) CHARACTER SET utf8 COLLATE utf8_unicode_ci NOT NULL,
  `cartype_detail` text CHARACTER SET utf8 COLLATE utf8_unicode_ci NOT NULL,
  `create_date` timestamp NOT NULL DEFAULT CURRENT_TIMESTAMP,
  `cartype_status` int(11) NOT NULL DEFAULT '1',
  PRIMARY KEY (`cartype_id`),
  KEY `cartype_name` (`cartype_name`(191)),
  KEY `cartype_status` (`cartype_status`)
) ENGINE=InnoDB AUTO_INCREMENT=9 DEFAULT CHARSET=utf8mb4;

-- Dumping data for table big_carpark.tbl_cartype: ~8 rows (approximately)
/*!40000 ALTER TABLE `tbl_cartype` DISABLE KEYS */;
INSERT INTO `tbl_cartype` (`cartype_id`, `cartype_name`, `cartype_detail`, `create_date`, `cartype_status`) VALUES
	(1, 'เดินเข้า', '', '2018-08-26 00:40:23', 1),
	(2, 'วีไอพี', '', '2018-08-26 00:40:29', 1),
	(3, '6 ล้อ', '', '2018-08-26 00:40:40', 1),
	(4, 'เก๋ง 4 ล้อ', '', '2018-08-26 00:40:50', 1),
	(5, 'ปิคอัพ', '', '2018-08-26 00:41:02', 1),
	(6, '10 ล้อ', '', '2018-08-26 00:41:08', 1),
	(7, 'รถตู้โดยสาร', '', '2018-08-26 00:41:35', 1),
	(8, 'จักรยานยนต์', '', '2018-08-26 00:41:44', 1);
/*!40000 ALTER TABLE `tbl_cartype` ENABLE KEYS */;

-- Dumping structure for table big_carpark.tbl_company
CREATE TABLE IF NOT EXISTS `tbl_company` (
  `com_id` int(11) NOT NULL AUTO_INCREMENT,
  `com_name` varchar(200) COLLATE utf8_unicode_ci NOT NULL,
  `com_detail` text CHARACTER SET utf8mb4,
  `create_date` timestamp NOT NULL DEFAULT CURRENT_TIMESTAMP,
  `com_status` int(11) DEFAULT '1',
  PRIMARY KEY (`com_id`),
  KEY `com_name` (`com_name`(191)),
  KEY `com_status` (`com_status`)
) ENGINE=InnoDB AUTO_INCREMENT=30 DEFAULT CHARSET=utf8 COLLATE=utf8_unicode_ci;

-- Dumping data for table big_carpark.tbl_company: ~21 rows (approximately)
/*!40000 ALTER TABLE `tbl_company` DISABLE KEYS */;
INSERT INTO `tbl_company` (`com_id`, `com_name`, `com_detail`, `create_date`, `com_status`) VALUES
	(1, 'ซีพีแรม', NULL, '2018-08-25 18:30:02', 1),
	(2, 'Google', NULL, '2018-08-25 18:30:14', 1),
	(3, 'ไมโครซอฟ', NULL, '2018-08-25 18:30:26', 1),
	(4, 'IndexLiving ', NULL, '2018-08-25 18:30:42', 1),
	(5, 'King Soft', NULL, '2018-08-25 18:30:51', 1),
	(6, 'Winner Online Company', NULL, '2018-08-25 23:20:40', 1),
	(7, 'Winner Online Company 2', NULL, '2018-08-25 23:20:40', 1),
	(8, 'Winner Online Company 3', NULL, '2018-08-25 23:20:40', 1),
	(9, 'Winner Online Company ', NULL, '2018-08-25 23:20:40', 1),
	(10, 'Winner Online Company 4', NULL, '2018-08-25 23:20:40', 1),
	(11, 'Winner Online Company 5', NULL, '2018-08-25 23:20:40', 1),
	(12, 'Winner Online Company 6', NULL, '2018-08-25 23:20:40', 1),
	(13, 'Winner Online Company 7', NULL, '2018-08-25 23:20:40', 1),
	(14, 'Winner Online Company 8', NULL, '2018-08-25 23:20:40', 1),
	(15, 'Winner Online Company 9', NULL, '2018-08-25 23:20:40', 1),
	(16, 'Winner Online Company 10', NULL, '2018-08-25 23:20:40', 1),
	(17, 'Winner Online Company 11', NULL, '2018-08-25 23:20:40', 1),
	(18, 'Winner Online Company 12', NULL, '2018-08-25 23:20:40', 1),
	(19, 'Winner Online Company 13', NULL, '2018-08-25 23:20:40', 1),
	(20, 'Winner Online Company 14', NULL, '2018-08-25 23:20:40', 1),
	(21, 'Winner Online Company 15', NULL, '2018-08-25 23:20:40', 1),
	(27, 'ทอมมี่การช่าง', '', '2018-08-26 03:51:18', 1),
	(28, 'ทอมมี่ IT System', '', '2018-08-27 00:48:32', 1),
	(29, 'A company', '', '2018-08-29 22:05:07', 1);
/*!40000 ALTER TABLE `tbl_company` ENABLE KEYS */;

-- Dumping structure for table big_carpark.tbl_login_log
CREATE TABLE IF NOT EXISTS `tbl_login_log` (
  `id` int(11) NOT NULL AUTO_INCREMENT,
  `userid` int(11) NOT NULL,
  `create_date` timestamp NOT NULL DEFAULT CURRENT_TIMESTAMP,
  PRIMARY KEY (`id`),
  KEY `userid` (`userid`)
) ENGINE=InnoDB AUTO_INCREMENT=193 DEFAULT CHARSET=utf8mb4;

-- Dumping data for table big_carpark.tbl_login_log: ~99 rows (approximately)
/*!40000 ALTER TABLE `tbl_login_log` DISABLE KEYS */;
INSERT INTO `tbl_login_log` (`id`, `userid`, `create_date`) VALUES
	(1, 1, '2018-08-29 06:28:02'),
	(2, 1, '2018-08-29 06:30:02'),
	(3, 1, '2018-08-29 06:30:53'),
	(4, 1, '2018-08-29 11:41:49'),
	(5, 1, '2018-08-29 12:27:15'),
	(6, 1, '2018-08-29 13:49:34'),
	(7, 1, '2018-08-29 13:50:40'),
	(8, 1, '2018-08-29 13:52:28'),
	(9, 1, '2018-08-29 21:05:32'),
	(10, 1, '2018-08-29 21:05:53'),
	(11, 1, '2018-08-29 21:06:16'),
	(12, 1, '2018-08-29 21:08:48'),
	(13, 1, '2018-08-29 21:09:56'),
	(14, 1, '2018-08-29 21:13:06'),
	(15, 1, '2018-08-29 21:13:40'),
	(16, 1, '2018-08-29 21:14:20'),
	(17, 1, '2018-08-29 21:15:01'),
	(18, 1, '2018-08-29 21:15:23'),
	(19, 1, '2018-08-29 21:15:45'),
	(20, 1, '2018-08-29 21:16:29'),
	(21, 1, '2018-08-29 21:17:15'),
	(22, 1, '2018-08-29 21:17:42'),
	(23, 1, '2018-08-29 21:19:08'),
	(24, 1, '2018-08-29 21:21:02'),
	(25, 1, '2018-08-29 21:49:41'),
	(26, 1, '2018-08-29 21:51:19'),
	(27, 1, '2018-08-29 21:56:07'),
	(28, 1, '2018-08-29 22:11:53'),
	(29, 1, '2018-08-29 22:13:59'),
	(30, 1, '2018-08-29 22:36:14'),
	(31, 1, '2018-09-01 20:37:46'),
	(32, 1, '2018-09-01 20:39:26'),
	(33, 1, '2018-09-01 20:40:34'),
	(34, 1, '2018-09-01 20:43:17'),
	(35, 1, '2018-09-01 20:44:16'),
	(36, 1, '2018-09-01 20:44:54'),
	(37, 1, '2018-09-01 20:45:44'),
	(38, 1, '2018-09-01 20:46:08'),
	(39, 1, '2018-09-01 20:52:19'),
	(40, 1, '2018-09-01 20:54:11'),
	(41, 1, '2018-09-01 21:02:29'),
	(42, 1, '2018-09-01 21:04:30'),
	(43, 1, '2018-09-01 22:36:16'),
	(44, 1, '2018-09-01 22:37:50'),
	(45, 1, '2018-09-01 22:42:47'),
	(46, 1, '2018-09-01 22:46:19'),
	(47, 1, '2018-09-01 22:47:44'),
	(48, 1, '2018-09-01 22:48:15'),
	(49, 1, '2018-09-01 22:49:48'),
	(50, 1, '2018-09-01 22:50:43'),
	(51, 1, '2018-09-01 22:54:08'),
	(52, 1, '2018-09-01 22:54:56'),
	(53, 1, '2018-09-01 22:56:25'),
	(54, 1, '2018-09-01 22:58:30'),
	(55, 1, '2018-09-01 23:00:20'),
	(56, 1, '2018-09-01 23:01:26'),
	(57, 1, '2018-09-01 23:01:47'),
	(58, 1, '2018-09-01 23:02:42'),
	(59, 1, '2018-09-02 13:35:16'),
	(60, 1, '2018-09-02 13:36:06'),
	(61, 1, '2018-09-02 13:38:39'),
	(62, 1, '2018-09-02 13:39:20'),
	(63, 1, '2018-09-02 13:41:55'),
	(64, 1, '2018-09-02 13:43:43'),
	(65, 1, '2018-09-02 13:45:27'),
	(66, 1, '2018-09-02 13:46:58'),
	(67, 1, '2018-09-02 13:48:57'),
	(68, 1, '2018-09-02 13:49:45'),
	(69, 1, '2018-09-02 13:51:10'),
	(70, 1, '2018-09-02 13:52:06'),
	(71, 1, '2018-09-02 13:52:34'),
	(72, 1, '2018-09-02 13:54:19'),
	(73, 1, '2018-09-02 13:55:38'),
	(74, 1, '2018-09-02 13:58:31'),
	(75, 1, '2018-09-02 13:59:52'),
	(76, 1, '2018-09-02 23:44:37'),
	(77, 1, '2018-09-02 23:46:07'),
	(78, 1, '2018-09-02 23:51:19'),
	(79, 1, '2018-09-02 23:53:07'),
	(80, 1, '2018-09-02 23:58:55'),
	(81, 1, '2018-09-03 00:17:11'),
	(82, 1, '2018-09-03 00:17:59'),
	(83, 1, '2018-09-03 00:18:53'),
	(84, 1, '2018-09-03 00:19:51'),
	(85, 1, '2018-09-03 00:20:12'),
	(86, 1, '2018-09-03 00:20:34'),
	(87, 1, '2018-09-03 00:21:38'),
	(88, 1, '2018-09-03 00:27:12'),
	(89, 1, '2018-09-03 00:27:46'),
	(90, 1, '2018-09-03 00:30:06'),
	(91, 1, '2018-09-03 00:32:23'),
	(92, 1, '2018-09-03 00:41:35'),
	(93, 1, '2018-09-03 00:43:14'),
	(94, 1, '2018-09-03 00:44:07'),
	(95, 1, '2018-09-03 00:45:45'),
	(96, 1, '2018-09-03 00:47:40'),
	(97, 1, '2018-09-03 00:49:08'),
	(98, 1, '2018-09-03 00:49:49'),
	(99, 1, '2018-09-03 00:50:12'),
	(100, 1, '2018-09-03 00:56:20'),
	(101, 1, '2018-09-03 00:57:28'),
	(102, 1, '2018-09-03 01:07:23'),
	(103, 1, '2018-09-03 01:08:28'),
	(104, 1, '2018-09-03 01:09:10'),
	(105, 1, '2018-09-03 01:10:27'),
	(106, 1, '2018-09-03 01:11:20'),
	(107, 1, '2018-09-03 01:12:23'),
	(108, 1, '2018-09-03 01:12:58'),
	(109, 1, '2018-09-03 01:14:19'),
	(110, 1, '2018-09-03 01:14:58'),
	(111, 1, '2018-09-03 01:15:42'),
	(112, 1, '2018-09-03 01:17:20'),
	(113, 1, '2018-09-03 02:43:44'),
	(114, 1, '2018-09-03 02:44:48'),
	(115, 1, '2018-09-03 02:54:49'),
	(116, 1, '2018-09-03 02:55:58'),
	(117, 1, '2018-09-03 02:56:54'),
	(118, 1, '2018-09-03 02:57:48'),
	(119, 1, '2018-09-03 02:59:54'),
	(120, 1, '2018-09-03 03:04:39'),
	(121, 1, '2018-09-03 03:04:54'),
	(122, 1, '2018-09-03 03:12:32'),
	(123, 1, '2018-09-03 03:14:34'),
	(124, 1, '2018-09-03 03:16:21'),
	(125, 1, '2018-09-03 03:21:06'),
	(126, 1, '2018-09-03 03:21:34'),
	(127, 1, '2018-09-03 03:26:44'),
	(128, 1, '2018-09-03 03:37:35'),
	(129, 1, '2018-09-03 03:38:37'),
	(130, 1, '2018-09-03 03:40:14'),
	(131, 1, '2018-09-03 03:40:39'),
	(132, 1, '2018-09-03 03:43:08'),
	(133, 1, '2018-09-03 03:43:49'),
	(134, 1, '2018-09-03 03:45:10'),
	(135, 1, '2018-09-03 03:45:45'),
	(136, 1, '2018-09-03 03:46:55'),
	(137, 1, '2018-09-03 03:47:38'),
	(138, 1, '2018-09-03 03:51:13'),
	(139, 1, '2018-09-03 03:52:43'),
	(140, 1, '2018-09-03 03:53:10'),
	(141, 1, '2018-09-03 03:54:25'),
	(142, 1, '2018-09-03 03:56:19'),
	(143, 1, '2018-09-03 03:57:58'),
	(144, 1, '2018-09-03 03:58:47'),
	(145, 1, '2018-09-03 03:59:38'),
	(146, 1, '2018-09-03 04:00:16'),
	(147, 1, '2018-09-03 04:03:29'),
	(148, 1, '2018-09-03 04:04:32'),
	(149, 1, '2018-09-03 04:06:32'),
	(150, 1, '2018-09-03 04:11:13'),
	(151, 1, '2018-09-03 04:11:48'),
	(152, 1, '2018-09-03 04:12:50'),
	(153, 1, '2018-09-03 04:13:37'),
	(154, 1, '2018-09-03 04:14:15'),
	(155, 1, '2018-09-03 04:15:20'),
	(156, 1, '2018-09-03 04:15:54'),
	(157, 1, '2018-09-03 04:16:16'),
	(158, 1, '2018-09-03 04:16:53'),
	(159, 1, '2018-09-03 04:17:56'),
	(160, 1, '2018-09-03 04:18:55'),
	(161, 1, '2018-09-03 04:19:18'),
	(162, 1, '2018-09-03 04:20:18'),
	(163, 1, '2018-09-03 04:20:50'),
	(164, 1, '2018-09-03 04:21:44'),
	(165, 1, '2018-09-03 04:24:20'),
	(166, 1, '2018-09-03 09:23:51'),
	(167, 1, '2018-09-04 02:01:45'),
	(168, 1, '2018-09-04 02:03:29'),
	(169, 1, '2018-09-04 02:04:37'),
	(170, 1, '2018-09-04 02:06:15'),
	(171, 1, '2018-09-04 02:09:11'),
	(172, 1, '2018-09-04 02:09:56'),
	(173, 1, '2018-09-04 02:10:28'),
	(174, 1, '2018-09-04 02:18:20'),
	(175, 1, '2018-09-04 02:19:03'),
	(176, 1, '2018-09-04 02:21:15'),
	(177, 1, '2018-09-04 02:21:56'),
	(178, 1, '2018-09-04 02:31:09'),
	(179, 1, '2018-09-04 02:35:46'),
	(180, 1, '2018-09-04 02:36:23'),
	(181, 1, '2018-09-04 03:41:20'),
	(182, 1, '2018-09-04 03:42:28'),
	(183, 1, '2018-09-04 03:48:26'),
	(184, 1, '2018-09-04 03:49:26'),
	(185, 1, '2018-09-04 03:51:56'),
	(186, 1, '2018-09-04 03:53:13'),
	(187, 1, '2018-09-04 03:53:47'),
	(188, 1, '2018-09-04 03:55:25'),
	(189, 1, '2018-09-04 03:58:46'),
	(190, 1, '2018-09-04 04:02:32'),
	(191, 1, '2018-09-04 04:04:30'),
	(192, 1, '2018-09-04 04:05:29');
/*!40000 ALTER TABLE `tbl_login_log` ENABLE KEYS */;

-- Dumping structure for table big_carpark.tbl_objective
CREATE TABLE IF NOT EXISTS `tbl_objective` (
  `obt_id` int(11) NOT NULL AUTO_INCREMENT,
  `obt_name` varchar(200) CHARACTER SET utf8 COLLATE utf8_unicode_ci NOT NULL,
  `obt_detail` text NOT NULL,
  `create_date` timestamp NOT NULL DEFAULT CURRENT_TIMESTAMP,
  `obt_status` int(11) NOT NULL DEFAULT '1',
  `group` int(11) NOT NULL DEFAULT '1',
  PRIMARY KEY (`obt_id`),
  KEY `obt_status` (`obt_status`),
  KEY `obt_name` (`obt_name`(191))
) ENGINE=InnoDB AUTO_INCREMENT=13 DEFAULT CHARSET=utf8mb4;

-- Dumping data for table big_carpark.tbl_objective: ~10 rows (approximately)
/*!40000 ALTER TABLE `tbl_objective` DISABLE KEYS */;
INSERT INTO `tbl_objective` (`obt_id`, `obt_name`, `obt_detail`, `create_date`, `obt_status`, `group`) VALUES
	(1, 'ส่งวัติถุดิบ', '', '2018-08-26 01:42:38', 1, 1),
	(2, 'ส่งถ่านหิน', '', '2018-08-26 01:42:45', 1, 1),
	(3, 'สมัครงาน', '', '2018-08-26 01:42:53', 1, 1),
	(4, 'ติดต่อธุรกิจ', '', '2018-08-26 01:43:02', 1, 2),
	(5, 'ส่งเคมีภัณฑ์', '', '2018-08-26 01:43:24', 1, 2),
	(6, 'รับสินค้า', '', '2018-08-26 01:43:24', 1, 2),
	(7, 'สมัครงาน', '', '2018-08-26 01:43:39', 1, 3),
	(8, 'ส่งของสโตร์', '', '2018-08-26 01:43:53', 1, 3),
	(9, 'ผู้รับเหมา', '', '2018-08-26 01:44:00', 1, 3),
	(10, 'พบพนักงาน', '', '2018-08-26 01:44:10', 1, 3),
	(12, 'ส่งวัติถุดิบครับ3', '', '2018-09-04 03:48:39', 1, 1),
	(14, 'ok', '', '2018-09-04 04:03:01', 1, 2);
/*!40000 ALTER TABLE `tbl_objective` ENABLE KEYS */;

-- Dumping structure for table big_carpark.tbl_role
CREATE TABLE IF NOT EXISTS `tbl_role` (
  `id` int(11) NOT NULL AUTO_INCREMENT,
  `role_id` int(11) NOT NULL,
  `role_name` varchar(50) NOT NULL,
  PRIMARY KEY (`id`),
  KEY `role_id` (`role_id`)
) ENGINE=InnoDB AUTO_INCREMENT=3 DEFAULT CHARSET=utf8mb4;

-- Dumping data for table big_carpark.tbl_role: ~0 rows (approximately)
/*!40000 ALTER TABLE `tbl_role` DISABLE KEYS */;
INSERT INTO `tbl_role` (`id`, `role_id`, `role_name`) VALUES
	(1, 1, 'Admin'),
	(2, 2, 'Staff');
/*!40000 ALTER TABLE `tbl_role` ENABLE KEYS */;

-- Dumping structure for table big_carpark.tbl_staff_contact
CREATE TABLE IF NOT EXISTS `tbl_staff_contact` (
  `contact_id` int(11) NOT NULL AUTO_INCREMENT,
  `contact_name` varchar(255) CHARACTER SET utf8 COLLATE utf8_unicode_ci NOT NULL,
  `create_date` timestamp NOT NULL DEFAULT CURRENT_TIMESTAMP,
  `contact_status` int(11) NOT NULL DEFAULT '1',
  PRIMARY KEY (`contact_id`),
  KEY `contact_name` (`contact_name`(191))
) ENGINE=InnoDB AUTO_INCREMENT=11 DEFAULT CHARSET=utf8mb4;

-- Dumping data for table big_carpark.tbl_staff_contact: ~6 rows (approximately)
/*!40000 ALTER TABLE `tbl_staff_contact` DISABLE KEYS */;
INSERT INTO `tbl_staff_contact` (`contact_id`, `contact_name`, `create_date`, `contact_status`) VALUES
	(1, 'คุณเอ', '2018-08-26 18:46:22', 1),
	(2, 'บี การเงิน', '2018-08-26 18:46:30', 1),
	(3, 'คุณต้า บัญชี', '2018-08-26 18:46:44', 1),
	(4, 'คุณปู บัญชี', '2018-08-26 18:46:53', 1),
	(5, 'คุณฝน Admin', '2018-08-26 18:47:05', 1),
	(6, 'ปอ ธุรการ', '2018-08-26 18:47:17', 1),
	(7, 'คุณเกล้า ไอที', '2018-08-26 20:47:29', 1),
	(8, 'คุณ ธนกฤต IT', '2018-08-27 00:48:32', 1),
	(9, 'คุณ A 9"', '2018-08-27 04:07:41', 1),
	(10, 'คุณ แชมป์', '2018-08-29 22:05:08', 1);
/*!40000 ALTER TABLE `tbl_staff_contact` ENABLE KEYS */;

-- Dumping structure for table big_carpark.tbl_visitor
CREATE TABLE IF NOT EXISTS `tbl_visitor` (
  `visit_id` int(10) unsigned zerofill NOT NULL AUTO_INCREMENT,
  `visit_datetime_in` datetime NOT NULL,
  `visit_datetime_out` datetime DEFAULT NULL,
  `staff_id` int(11) NOT NULL,
  `cartype_id` int(11) NOT NULL,
  `company_id` int(11) NOT NULL,
  `obt_id` int(11) NOT NULL,
  `visit_name` varchar(200) CHARACTER SET utf8 COLLATE utf8_unicode_ci NOT NULL,
  `contact_id` int(11) DEFAULT NULL,
  `car_id` varchar(50) NOT NULL,
  `id_card` varchar(20) NOT NULL,
  `tel` varchar(20) DEFAULT NULL,
  `visitor_amount` int(11) DEFAULT '1',
  `comment` varchar(200) CHARACTER SET utf8 COLLATE utf8_unicode_ci DEFAULT NULL,
  `image_1` varchar(100) DEFAULT NULL,
  `image_2` varchar(100) DEFAULT NULL,
  `idcard_image` varchar(100) DEFAULT NULL,
  `barcode_id` varchar(50) DEFAULT NULL,
  `visit_status` int(11) DEFAULT '1',
  PRIMARY KEY (`visit_id`),
  KEY `staff_id` (`staff_id`),
  KEY `cartype_id` (`cartype_id`),
  KEY `company_id` (`company_id`),
  KEY `obt_id` (`obt_id`),
  KEY `car_id` (`car_id`),
  KEY `id_card` (`id_card`)
) ENGINE=InnoDB AUTO_INCREMENT=83 DEFAULT CHARSET=utf8mb4;

-- Dumping data for table big_carpark.tbl_visitor: ~69 rows (approximately)
/*!40000 ALTER TABLE `tbl_visitor` DISABLE KEYS */;
INSERT INTO `tbl_visitor` (`visit_id`, `visit_datetime_in`, `visit_datetime_out`, `staff_id`, `cartype_id`, `company_id`, `obt_id`, `visit_name`, `contact_id`, `car_id`, `id_card`, `tel`, `visitor_amount`, `comment`, `image_1`, `image_2`, `idcard_image`, `barcode_id`, `visit_status`) VALUES
	(0000000013, '2018-08-29 22:05:48', '2018-08-29 22:08:41', 1, 4, 29, 3, 'นาย ภานุพงศ์  แววไธสง', 10, 'กท1234', '1100700655601', '0901234567', NULL, '', 'Image20180829220542.jpg', NULL, '1100700655601.jpg', '201808292205487', 2),
	(0000000014, '2018-08-29 22:34:55', NULL, 1, 5, 4, 3, 'นาย ภานุพงศ์  แววไธสง', 5, 'sa12121', '1100700655601', '087994211', NULL, '', 'Image20180829223452.jpg', NULL, '1100700655601.jpg', '201808292234557', 1),
	(0000000016, '2018-09-03 00:33:00', NULL, 1, 4, 5, 3, 'นาย ภานุพงศ์  แววไธสง', 5, 'aaa-65454', '1100700655601', NULL, 1, '', 'Image20180903003241.jpg', NULL, '1100700655601.jpg', '201809030033005', 1),
	(0000000017, '2018-08-29 22:05:48', '2018-08-29 22:08:41', 1, 4, 29, 3, 'นาย ภานุพงศ์  แววไธสง', 10, 'กท1234', '1100700655601', '0901234567', NULL, '', 'Image20180829220542.jpg', NULL, '1100700655601.jpg', '201808292205487', 2),
	(0000000018, '2018-08-29 22:05:48', '2018-08-29 22:08:41', 1, 4, 29, 3, 'นาย ภานุพงศ์  แววไธสง', 10, 'กท1234', '1100700655601', '0901234567', NULL, '', 'Image20180829220542.jpg', NULL, '1100700655601.jpg', '201808292205487', 2),
	(0000000019, '2018-08-29 22:05:48', '2018-08-29 22:08:41', 1, 4, 29, 3, 'นาย ภานุพงศ์  แววไธสง', 10, 'กท1234', '1100700655601', '0901234567', NULL, '', 'Image20180829220542.jpg', NULL, '1100700655601.jpg', '201808292205487', 2),
	(0000000020, '2018-08-29 22:05:48', '2018-08-29 22:08:41', 1, 4, 29, 3, 'นาย ภานุพงศ์  แววไธสง', 10, 'กท1234', '1100700655601', '0901234567', NULL, '', 'Image20180829220542.jpg', NULL, '1100700655601.jpg', '201808292205487', 2),
	(0000000021, '2018-08-29 22:05:48', '2018-08-29 22:08:41', 1, 4, 29, 3, 'นาย ภานุพงศ์  แววไธสง', 10, 'กท1234', '1100700655601', '0901234567', NULL, '', 'Image20180829220542.jpg', NULL, '1100700655601.jpg', '201808292205487', 2),
	(0000000022, '2018-08-29 22:05:48', '2018-08-29 22:08:41', 1, 4, 29, 3, 'นาย ภานุพงศ์  แววไธสง', 10, 'กท1234', '1100700655601', '0901234567', NULL, '', 'Image20180829220542.jpg', NULL, '1100700655601.jpg', '201808292205487', 2),
	(0000000023, '2018-08-29 22:05:48', '2018-08-29 22:08:41', 1, 4, 29, 3, 'นาย ภานุพงศ์  แววไธสง', 10, 'กท1234', '1100700655601', '0901234567', NULL, '', 'Image20180829220542.jpg', NULL, '1100700655601.jpg', '201808292205487', 2),
	(0000000024, '2018-08-29 22:05:48', '2018-08-29 22:08:41', 1, 4, 29, 3, 'นาย ภานุพงศ์  แววไธสง', 10, 'กท1234', '1100700655601', '0901234567', NULL, '', 'Image20180829220542.jpg', NULL, '1100700655601.jpg', '201808292205487', 2),
	(0000000025, '2018-08-29 22:05:48', '2018-08-29 22:08:41', 1, 4, 29, 3, 'นาย ภานุพงศ์  แววไธสง', 10, 'กท1234', '1100700655601', '0901234567', NULL, '', 'Image20180829220542.jpg', NULL, '1100700655601.jpg', '201808292205487', 2),
	(0000000026, '2018-08-29 22:05:48', '2018-08-29 22:08:41', 1, 4, 29, 3, 'นาย ภานุพงศ์  แววไธสง', 10, 'กท1234', '1100700655601', '0901234567', NULL, '', 'Image20180829220542.jpg', NULL, '1100700655601.jpg', '201808292205487', 2),
	(0000000027, '2018-08-29 22:05:48', '2018-08-29 22:08:41', 1, 4, 29, 3, 'นาย ภานุพงศ์  แววไธสง', 10, 'กท1234', '1100700655601', '0901234567', NULL, '', 'Image20180829220542.jpg', NULL, '1100700655601.jpg', '201808292205487', 2),
	(0000000028, '2018-08-29 22:05:48', '2018-08-29 22:08:41', 1, 4, 29, 3, 'นาย ภานุพงศ์  แววไธสง', 10, 'กท1234', '1100700655601', '0901234567', NULL, '', 'Image20180829220542.jpg', NULL, '1100700655601.jpg', '201808292205487', 2),
	(0000000029, '2018-08-29 22:05:48', '2018-08-29 22:08:41', 1, 4, 29, 3, 'นาย ภานุพงศ์  แววไธสง', 10, 'กท1234', '1100700655601', '0901234567', NULL, '', 'Image20180829220542.jpg', NULL, '1100700655601.jpg', '201808292205487', 2),
	(0000000030, '2018-08-29 22:05:48', '2018-08-29 22:08:41', 1, 4, 29, 3, 'นาย ภานุพงศ์  แววไธสง', 10, 'กท1234', '1100700655601', '0901234567', NULL, '', 'Image20180829220542.jpg', NULL, '1100700655601.jpg', '201808292205487', 2),
	(0000000031, '2018-08-29 22:05:48', '2018-08-29 22:08:41', 1, 4, 29, 3, 'นาย ภานุพงศ์  แววไธสง', 10, 'กท1234', '1100700655601', '0901234567', NULL, '', 'Image20180829220542.jpg', NULL, '1100700655601.jpg', '201808292205487', 2),
	(0000000032, '2018-08-29 22:05:48', '2018-08-29 22:08:41', 1, 4, 29, 3, 'นาย ภานุพงศ์  แววไธสง', 10, 'กท1234', '1100700655601', '0901234567', NULL, '', 'Image20180829220542.jpg', NULL, '1100700655601.jpg', '201808292205487', 2),
	(0000000033, '2018-08-29 22:05:48', '2018-08-29 22:08:41', 1, 4, 29, 3, 'นาย ภานุพงศ์  แววไธสง', 10, 'กท1234', '1100700655601', '0901234567', NULL, '', 'Image20180829220542.jpg', NULL, '1100700655601.jpg', '201808292205487', 2),
	(0000000034, '2018-08-29 22:05:48', '2018-08-29 22:08:41', 1, 4, 29, 3, 'นาย ภานุพงศ์  แววไธสง', 10, 'กท1234', '1100700655601', '0901234567', NULL, '', 'Image20180829220542.jpg', NULL, '1100700655601.jpg', '201808292205487', 2),
	(0000000035, '2018-08-29 22:05:48', '2018-08-29 22:08:41', 1, 4, 29, 3, 'นาย ภานุพงศ์  แววไธสง', 10, 'กท1234', '1100700655601', '0901234567', NULL, '', 'Image20180829220542.jpg', NULL, '1100700655601.jpg', '201808292205487', 2),
	(0000000036, '2018-08-29 22:05:48', '2018-08-29 22:08:41', 1, 4, 29, 3, 'นาย ภานุพงศ์  แววไธสง', 10, 'กท1234', '1100700655601', '0901234567', NULL, '', 'Image20180829220542.jpg', NULL, '1100700655601.jpg', '201808292205487', 2),
	(0000000037, '2018-08-29 22:05:48', '2018-08-29 22:08:41', 1, 4, 29, 3, 'นาย ภานุพงศ์  แววไธสง', 10, 'กท1234', '1100700655601', '0901234567', NULL, '', 'Image20180829220542.jpg', NULL, '1100700655601.jpg', '201808292205487', 2),
	(0000000038, '2018-08-29 22:05:48', '2018-08-29 22:08:41', 1, 4, 29, 3, 'นาย ภานุพงศ์  แววไธสง', 10, 'กท1234', '1100700655601', '0901234567', NULL, '', 'Image20180829220542.jpg', NULL, '1100700655601.jpg', '201808292205487', 2),
	(0000000039, '2018-08-29 22:05:48', '2018-08-29 22:08:41', 1, 4, 29, 3, 'นาย ภานุพงศ์  แววไธสง', 10, 'กท1234', '1100700655601', '0901234567', NULL, '', 'Image20180829220542.jpg', NULL, '1100700655601.jpg', '201808292205487', 2),
	(0000000040, '2018-08-29 22:05:48', '2018-08-29 22:08:41', 1, 4, 29, 3, 'นาย ภานุพงศ์  แววไธสง', 10, 'กท1234', '1100700655601', '0901234567', NULL, '', 'Image20180829220542.jpg', NULL, '1100700655601.jpg', '201808292205487', 2),
	(0000000041, '2018-08-29 22:05:48', '2018-08-29 22:08:41', 1, 4, 29, 3, 'นาย ภานุพงศ์  แววไธสง', 10, 'กท1234', '1100700655601', '0901234567', NULL, '', 'Image20180829220542.jpg', NULL, '1100700655601.jpg', '201808292205487', 2),
	(0000000042, '2018-08-29 22:05:48', '2018-08-29 22:08:41', 1, 4, 29, 3, 'นาย ภานุพงศ์  แววไธสง', 10, 'กท1234', '1100700655601', '0901234567', NULL, '', 'Image20180829220542.jpg', NULL, '1100700655601.jpg', '201808292205487', 2),
	(0000000043, '2018-08-29 22:05:48', '2018-08-29 22:08:41', 1, 4, 29, 3, 'นาย ภานุพงศ์  แววไธสง', 10, 'กท1234', '1100700655601', '0901234567', NULL, '', 'Image20180829220542.jpg', NULL, '1100700655601.jpg', '201808292205487', 2),
	(0000000044, '2018-08-29 22:05:48', '2018-08-29 22:08:41', 1, 4, 29, 3, 'นาย ภานุพงศ์  แววไธสง', 10, 'กท1234', '1100700655601', '0901234567', NULL, '', 'Image20180829220542.jpg', NULL, '1100700655601.jpg', '201808292205487', 2),
	(0000000045, '2018-08-29 22:05:48', '2018-08-29 22:08:41', 1, 4, 29, 3, 'นาย ภานุพงศ์  แววไธสง', 10, 'กท1234', '1100700655601', '0901234567', NULL, '', 'Image20180829220542.jpg', NULL, '1100700655601.jpg', '201808292205487', 2),
	(0000000046, '2018-08-29 22:05:48', '2018-08-29 22:08:41', 1, 4, 29, 3, 'นาย ภานุพงศ์  แววไธสง', 10, 'กท1234', '1100700655601', '0901234567', NULL, '', 'Image20180829220542.jpg', NULL, '1100700655601.jpg', '201808292205487', 2),
	(0000000047, '2018-08-29 22:05:48', '2018-08-29 22:08:41', 1, 4, 29, 3, 'นาย ภานุพงศ์  แววไธสง', 10, 'กท1234', '1100700655601', '0901234567', NULL, '', 'Image20180829220542.jpg', NULL, '1100700655601.jpg', '201808292205487', 2),
	(0000000048, '2018-08-29 22:05:48', '2018-08-29 22:08:41', 1, 4, 29, 3, 'นาย ภานุพงศ์  แววไธสง', 10, 'กท1234', '1100700655601', '0901234567', NULL, '', 'Image20180829220542.jpg', NULL, '1100700655601.jpg', '201808292205487', 2),
	(0000000049, '2018-08-29 22:05:48', '2018-08-29 22:08:41', 1, 4, 29, 3, 'นาย ภานุพงศ์  แววไธสง', 10, 'กท1234', '1100700655601', '0901234567', NULL, '', 'Image20180829220542.jpg', NULL, '1100700655601.jpg', '201808292205487', 2),
	(0000000050, '2018-08-29 22:05:48', '2018-08-29 22:08:41', 1, 4, 29, 3, 'นาย ภานุพงศ์  แววไธสง', 10, 'กท1234', '1100700655601', '0901234567', NULL, '', 'Image20180829220542.jpg', NULL, '1100700655601.jpg', '201808292205487', 2),
	(0000000051, '2018-08-29 22:05:48', '2018-08-29 22:08:41', 1, 4, 29, 3, 'นาย ภานุพงศ์  แววไธสง', 10, 'กท1234', '1100700655601', '0901234567', NULL, '', 'Image20180829220542.jpg', NULL, '1100700655601.jpg', '201808292205487', 2),
	(0000000052, '2018-08-29 22:05:48', '2018-08-29 22:08:41', 1, 4, 29, 3, 'นาย ภานุพงศ์  แววไธสง', 10, 'กท1234', '1100700655601', '0901234567', NULL, '', 'Image20180829220542.jpg', NULL, '1100700655601.jpg', '201808292205487', 2),
	(0000000053, '2018-08-29 22:05:48', '2018-08-29 22:08:41', 1, 4, 29, 3, 'นาย ภานุพงศ์  แววไธสง', 10, 'กท1234', '1100700655601', '0901234567', NULL, '', 'Image20180829220542.jpg', NULL, '1100700655601.jpg', '201808292205487', 2),
	(0000000054, '2018-08-29 22:05:48', '2018-08-29 22:08:41', 1, 4, 29, 3, 'นาย ภานุพงศ์  แววไธสง', 10, 'กท1234', '1100700655601', '0901234567', NULL, '', 'Image20180829220542.jpg', NULL, '1100700655601.jpg', '201808292205487', 2),
	(0000000055, '2018-08-29 22:05:48', '2018-08-29 22:08:41', 1, 4, 29, 3, 'นาย ภานุพงศ์  แววไธสง', 10, 'กท1234', '1100700655601', '0901234567', NULL, '', 'Image20180829220542.jpg', NULL, '1100700655601.jpg', '201808292205487', 2),
	(0000000056, '2018-08-29 22:05:48', '2018-08-29 22:08:41', 1, 4, 29, 3, 'นาย ภานุพงศ์  แววไธสง', 10, 'กท1234', '1100700655601', '0901234567', NULL, '', 'Image20180829220542.jpg', NULL, '1100700655601.jpg', '201808292205487', 2),
	(0000000057, '2018-08-29 22:05:48', '2018-08-29 22:08:41', 1, 4, 29, 3, 'นาย ภานุพงศ์  แววไธสง', 10, 'กท1234', '1100700655601', '0901234567', NULL, '', 'Image20180829220542.jpg', NULL, '1100700655601.jpg', '201808292205487', 2),
	(0000000058, '2018-08-29 22:05:48', '2018-08-29 22:08:41', 1, 4, 29, 3, 'นาย ภานุพงศ์  แววไธสง', 10, 'กท1234', '1100700655601', '0901234567', NULL, '', 'Image20180829220542.jpg', NULL, '1100700655601.jpg', '201808292205487', 2),
	(0000000059, '2018-08-29 22:05:48', '2018-08-29 22:08:41', 1, 4, 29, 3, 'นาย ภานุพงศ์  แววไธสง', 10, 'กท1234', '1100700655601', '0901234567', NULL, '', 'Image20180829220542.jpg', NULL, '1100700655601.jpg', '201808292205487', 2),
	(0000000060, '2018-08-29 22:05:48', '2018-08-29 22:08:41', 1, 4, 29, 3, 'นาย ภานุพงศ์  แววไธสง', 10, 'กท1234', '1100700655601', '0901234567', NULL, '', 'Image20180829220542.jpg', NULL, '1100700655601.jpg', '201808292205487', 2),
	(0000000061, '2018-08-29 22:05:48', '2018-08-29 22:08:41', 1, 4, 29, 3, 'นาย ภานุพงศ์  แววไธสง', 10, 'กท1234', '1100700655601', '0901234567', NULL, '', 'Image20180829220542.jpg', NULL, '1100700655601.jpg', '201808292205487', 2),
	(0000000062, '2018-08-29 22:05:48', '2018-08-29 22:08:41', 1, 4, 29, 3, 'นาย ภานุพงศ์  แววไธสง', 10, 'กท1234', '1100700655601', '0901234567', NULL, '', 'Image20180829220542.jpg', NULL, '1100700655601.jpg', '201808292205487', 2),
	(0000000063, '2018-08-29 22:05:48', '2018-08-29 22:08:41', 1, 4, 29, 3, 'นาย ภานุพงศ์  แววไธสง', 10, 'กท1234', '1100700655601', '0901234567', NULL, '', 'Image20180829220542.jpg', NULL, '1100700655601.jpg', '201808292205487', 2),
	(0000000064, '2018-08-29 22:05:48', '2018-08-29 22:08:41', 1, 4, 29, 3, 'นาย ภานุพงศ์  แววไธสง', 10, 'กท1234', '1100700655601', '0901234567', NULL, '', 'Image20180829220542.jpg', NULL, '1100700655601.jpg', '201808292205487', 2),
	(0000000065, '2018-08-29 22:05:48', '2018-08-29 22:08:41', 1, 4, 29, 3, 'นาย ภานุพงศ์  แววไธสง', 10, 'กท1234', '1100700655601', '0901234567', NULL, '', 'Image20180829220542.jpg', NULL, '1100700655601.jpg', '201808292205487', 2),
	(0000000066, '2018-08-29 22:05:48', '2018-08-29 22:08:41', 1, 4, 29, 3, 'นาย ภานุพงศ์  แววไธสง', 10, 'กท1234', '1100700655601', '0901234567', NULL, '', 'Image20180829220542.jpg', NULL, '1100700655601.jpg', '201808292205487', 2),
	(0000000067, '2018-08-29 22:05:48', '2018-08-29 22:08:41', 1, 4, 29, 3, 'นาย ภานุพงศ์  แววไธสง', 10, 'กท1234', '1100700655601', '0901234567', NULL, '', 'Image20180829220542.jpg', NULL, '1100700655601.jpg', '201808292205487', 2),
	(0000000068, '2018-08-29 22:05:48', '2018-08-29 22:08:41', 1, 4, 29, 3, 'นาย ภานุพงศ์  แววไธสง', 10, 'กท1234', '1100700655601', '0901234567', NULL, '', 'Image20180829220542.jpg', NULL, '1100700655601.jpg', '201808292205487', 2),
	(0000000069, '2018-08-29 22:05:48', '2018-08-29 22:08:41', 1, 4, 29, 3, 'นาย ภานุพงศ์  แววไธสง', 10, 'กท1234', '1100700655601', '0901234567', NULL, '', 'Image20180829220542.jpg', NULL, '1100700655601.jpg', '201808292205487', 2),
	(0000000070, '2018-08-29 22:05:48', '2018-08-29 22:08:41', 1, 4, 29, 3, 'นาย ภานุพงศ์  แววไธสง', 10, 'กท1234', '1100700655601', '0901234567', NULL, '', 'Image20180829220542.jpg', NULL, '1100700655601.jpg', '201808292205487', 2),
	(0000000071, '2018-08-29 22:05:48', '2018-08-29 22:08:41', 1, 4, 29, 3, 'นาย ภานุพงศ์  แววไธสง', 10, 'กท1234', '1100700655601', '0901234567', NULL, '', 'Image20180829220542.jpg', NULL, '1100700655601.jpg', '201808292205487', 2),
	(0000000072, '2018-08-29 22:05:48', '2018-08-29 22:08:41', 1, 4, 29, 3, 'นาย ภานุพงศ์  แววไธสง', 10, 'กท1234', '1100700655601', '0901234567', NULL, '', 'Image20180829220542.jpg', NULL, '1100700655601.jpg', '201808292205487', 2),
	(0000000073, '2018-08-29 22:05:48', '2018-08-29 22:08:41', 1, 4, 29, 3, 'นาย ภานุพงศ์  แววไธสง', 10, 'กท1234', '1100700655601', '0901234567', NULL, '', 'Image20180829220542.jpg', NULL, '1100700655601.jpg', '201808292205487', 2),
	(0000000074, '2018-08-29 22:05:48', '2018-08-29 22:08:41', 1, 4, 29, 3, 'นาย ภานุพงศ์  แววไธสง', 10, 'กท1234', '1100700655601', '0901234567', NULL, '', 'Image20180829220542.jpg', NULL, '1100700655601.jpg', '201808292205487', 2),
	(0000000075, '2018-08-29 22:05:48', '2018-08-29 22:08:41', 1, 4, 29, 3, 'นาย ภานุพงศ์  แววไธสง', 10, 'กท1234', '1100700655601', '0901234567', NULL, '', 'Image20180829220542.jpg', NULL, '1100700655601.jpg', '201808292205487', 2),
	(0000000076, '2018-08-29 22:05:48', '2018-08-29 22:08:41', 1, 4, 29, 3, 'นาย ภานุพงศ์  แววไธสง', 10, 'กท1234', '1100700655601', '0901234567', NULL, '', 'Image20180829220542.jpg', NULL, '1100700655601.jpg', '201808292205487', 2),
	(0000000077, '2018-08-29 22:05:48', '2018-08-29 22:08:41', 1, 4, 29, 3, 'นาย ภานุพงศ์  แววไธสง', 10, 'กท1234', '1100700655601', '0901234567', NULL, '', 'Image20180829220542.jpg', NULL, '1100700655601.jpg', '201808292205487', 2),
	(0000000078, '2018-08-29 22:05:48', '2018-08-29 22:08:41', 1, 4, 29, 3, 'นาย ภานุพงศ์  แววไธสง', 10, 'กท1234', '1100700655601', '0901234567', NULL, '', 'Image20180829220542.jpg', NULL, '1100700655601.jpg', '201808292205487', 2),
	(0000000079, '2018-08-29 22:05:48', '2018-08-29 22:08:41', 1, 4, 29, 3, 'นาย ภานุพงศ์  แววไธสง', 10, 'กท1234', '1100700655601', '0901234567', NULL, '', 'Image20180829220542.jpg', NULL, '1100700655601.jpg', '201808292205487', 2),
	(0000000080, '2018-08-29 22:05:48', '2018-08-29 22:08:41', 1, 4, 29, 3, 'นาย ภานุพงศ์  แววไธสง', 10, 'กท1234', '1100700655601', '0901234567', NULL, '', 'Image20180829220542.jpg', NULL, '1100700655601.jpg', '201808292205487', 2),
	(0000000081, '2018-08-29 22:05:48', '2018-08-29 22:08:41', 1, 4, 29, 3, 'นาย ภานุพงศ์  แววไธสง', 10, 'กท1234', '1100700655601', '0901234567', NULL, '', 'Image20180829220542.jpg', NULL, '1100700655601.jpg', '201808292205487', 2),
	(0000000082, '2018-09-03 00:46:15', NULL, 1, 6, 6, 6, 'นาย ภานุพงศ์  แววไธสง', 4, 'ST-9787', '1100700655601', NULL, 1, '', 'Image20180903004603.jpg', NULL, '1100700655601.jpg', '201809030046155', 1);
/*!40000 ALTER TABLE `tbl_visitor` ENABLE KEYS */;

/*!40101 SET SQL_MODE=IFNULL(@OLD_SQL_MODE, '') */;
/*!40014 SET FOREIGN_KEY_CHECKS=IF(@OLD_FOREIGN_KEY_CHECKS IS NULL, 1, @OLD_FOREIGN_KEY_CHECKS) */;
/*!40101 SET CHARACTER_SET_CLIENT=@OLD_CHARACTER_SET_CLIENT */;
